{
  "auc": 0.9130756470215637,
  "precision": 0.3713450292397661,
  "recall": 0.8141025641025641,
  "f1": 0.5100401606425703
}